Metric,Value
design__lint_error__count,0
design__lint_timing_construct__count,0
design__lint_warning__count,0
design__inferred_latch__count,0
design__instance__count,142
design__instance__area,1051.01
design__instance_unmapped__count,0
synthesis__check_error__count,0
design__max_slew_violation__count__corner:nom_tt_025C_1v80,0
design__max_fanout_violation__count__corner:nom_tt_025C_1v80,0
design__max_cap_violation__count__corner:nom_tt_025C_1v80,0
power__internal__total,0.00008016593346837908
power__switching__total,0.000015109605556062888
power__leakage__total,7.279975511309544E-10
power__total,0.00009527626389171928
clock__skew__worst_hold__corner:nom_tt_025C_1v80,0
clock__skew__worst_setup__corner:nom_tt_025C_1v80,0
timing__hold__ws__corner:nom_tt_025C_1v80,1.6772033125947368
timing__setup__ws__corner:nom_tt_025C_1v80,7.008167133867032
timing__hold__tns__corner:nom_tt_025C_1v80,0
timing__setup__tns__corner:nom_tt_025C_1v80,0
timing__hold__wns__corner:nom_tt_025C_1v80,0
timing__setup__wns__corner:nom_tt_025C_1v80,0
timing__hold_vio__count__corner:nom_tt_025C_1v80,0
timing__hold_r2r__ws__corner:nom_tt_025C_1v80,inf
timing__hold_r2r_vio__count__corner:nom_tt_025C_1v80,0
timing__setup_vio__count__corner:nom_tt_025C_1v80,0
timing__setup_r2r__ws__corner:nom_tt_025C_1v80,inf
timing__setup_r2r_vio__count__corner:nom_tt_025C_1v80,0
design__max_slew_violation__count__corner:nom_ss_100C_1v60,0
design__max_fanout_violation__count__corner:nom_ss_100C_1v60,0
design__max_cap_violation__count__corner:nom_ss_100C_1v60,0
clock__skew__worst_hold__corner:nom_ss_100C_1v60,0
clock__skew__worst_setup__corner:nom_ss_100C_1v60,0
timing__hold__ws__corner:nom_ss_100C_1v60,1.6527053526851134
timing__setup__ws__corner:nom_ss_100C_1v60,6.35310400047784
timing__hold__tns__corner:nom_ss_100C_1v60,0
timing__setup__tns__corner:nom_ss_100C_1v60,0
timing__hold__wns__corner:nom_ss_100C_1v60,0
timing__setup__wns__corner:nom_ss_100C_1v60,0
timing__hold_vio__count__corner:nom_ss_100C_1v60,0
timing__hold_r2r__ws__corner:nom_ss_100C_1v60,inf
timing__hold_r2r_vio__count__corner:nom_ss_100C_1v60,0
timing__setup_vio__count__corner:nom_ss_100C_1v60,0
timing__setup_r2r__ws__corner:nom_ss_100C_1v60,inf
timing__setup_r2r_vio__count__corner:nom_ss_100C_1v60,0
design__max_slew_violation__count__corner:nom_ff_n40C_1v95,0
design__max_fanout_violation__count__corner:nom_ff_n40C_1v95,0
design__max_cap_violation__count__corner:nom_ff_n40C_1v95,0
clock__skew__worst_hold__corner:nom_ff_n40C_1v95,0
clock__skew__worst_setup__corner:nom_ff_n40C_1v95,0
timing__hold__ws__corner:nom_ff_n40C_1v95,1.6910370249397177
timing__setup__ws__corner:nom_ff_n40C_1v95,7.257876283181931
timing__hold__tns__corner:nom_ff_n40C_1v95,0
timing__setup__tns__corner:nom_ff_n40C_1v95,0
timing__hold__wns__corner:nom_ff_n40C_1v95,0
timing__setup__wns__corner:nom_ff_n40C_1v95,0
timing__hold_vio__count__corner:nom_ff_n40C_1v95,0
timing__hold_r2r__ws__corner:nom_ff_n40C_1v95,inf
timing__hold_r2r_vio__count__corner:nom_ff_n40C_1v95,0
timing__setup_vio__count__corner:nom_ff_n40C_1v95,0
timing__setup_r2r__ws__corner:nom_ff_n40C_1v95,inf
timing__setup_r2r_vio__count__corner:nom_ff_n40C_1v95,0
design__max_slew_violation__count,0
design__max_fanout_violation__count,0
design__max_cap_violation__count,0
clock__skew__worst_hold,0
clock__skew__worst_setup,0
timing__hold__ws,1.6521189328669212
timing__setup__ws,6.349424277180953
timing__hold__tns,0
timing__setup__tns,0
timing__hold__wns,0
timing__setup__wns,0
timing__hold_vio__count,0
timing__hold_r2r__ws,inf
timing__hold_r2r_vio__count,0
timing__setup_vio__count,0
timing__setup_r2r__ws,inf
timing__setup_r2r_vio__count,0
design__die__bbox,0.0 0.0 50.0 50.0
design__core__bbox,5.52 10.88 44.16 38.08
design__io,15
design__die__area,2500
design__core__area,1051.01
design__instance__count__stdcell,45
design__instance__area__stdcell,309.046
design__instance__count__macros,0
design__instance__area__macros,0
design__instance__count__padcells,0
design__instance__area__padcells,0
design__instance__count__cover,0
design__instance__area__cover,0
design__instance__utilization,0.294048
design__instance__utilization__stdcell,0.294048
design__rows,10
design__rows:unithd,10
design__sites,840
design__sites:unithd,840
design__instance__count__class:inverter,1
design__instance__area__class:inverter,3.7536
design__instance__count__class:sequential_cell,4
design__instance__area__class:sequential_cell,80.0768
design__instance__count__class:multi_input_combinational_cell,13
design__instance__area__class:multi_input_combinational_cell,75.072
flow__warnings__count,1
flow__errors__count,0
flow__warnings__count:ODB-0220,3
flow__warnings__count:ORD-2056,1
flow__warnings__count:STA-1173,7
flow__warnings__type_count,1
flow__warnings__count:ORD-0039,1
design__instance__count__class:fill_cell,97
design__instance__area__class:fill_cell,741.962
design__instance__count__class:tap_cell,12
design__instance__area__class:tap_cell,15.0144
design__power_grid_violation__count__net:vdd,0
design__power_grid_violation__count__net:vss,0
design__power_grid_violation__count,0
floorplan__design__io,13
design__io__hpwl,257987
timing__drv__floating__nets,2
timing__drv__floating__pins,0
design__instance__displacement__total,0
design__instance__displacement__mean,0
design__instance__displacement__max,0
route__wirelength__estimated,435.227
design__violations,0
design__instance__count__class:timing_repair_buffer,12
design__instance__area__class:timing_repair_buffer,60.0576
flow__warnings__count:RSZ-0020,1
flow__warnings__count:STA-1111,12
flow__warnings__count:STA-1140,52
design__instance__count__class:clock_buffer,3
design__instance__area__class:clock_buffer,75.072
design__instance__count__setup_buffer,0
design__instance__count__hold_buffer,0
global_route__vias,176
global_route__wirelength,690
antenna__violating__nets,0
antenna__violating__pins,0
route__antenna_violation__count,0
antenna_diodes_count,0
route__net,42
route__net__special,2
route__drc_errors__iter:0,0
route__wirelength__iter:0,418
route__drc_errors,0
route__wirelength,418
route__vias,179
route__vias__singlecut,179
route__vias__multicut,0
flow__warnings__count:DRT-0349,10
design__disconnected_pin__count,0
design__critical_disconnected_pin__count,0
route__wirelength__max,25.74
timing__unannotated_net__count__corner:nom_tt_025C_1v80,0
timing__unannotated_net_filtered__count__corner:nom_tt_025C_1v80,0
timing__unannotated_net__count__corner:nom_ss_100C_1v60,0
timing__unannotated_net_filtered__count__corner:nom_ss_100C_1v60,0
timing__unannotated_net__count__corner:nom_ff_n40C_1v95,0
timing__unannotated_net_filtered__count__corner:nom_ff_n40C_1v95,0
design__max_slew_violation__count__corner:min_tt_025C_1v80,0
design__max_fanout_violation__count__corner:min_tt_025C_1v80,0
design__max_cap_violation__count__corner:min_tt_025C_1v80,0
clock__skew__worst_hold__corner:min_tt_025C_1v80,0
clock__skew__worst_setup__corner:min_tt_025C_1v80,0
timing__hold__ws__corner:min_tt_025C_1v80,1.677257713524482
timing__setup__ws__corner:min_tt_025C_1v80,7.010329404290945
timing__hold__tns__corner:min_tt_025C_1v80,0
timing__setup__tns__corner:min_tt_025C_1v80,0
timing__hold__wns__corner:min_tt_025C_1v80,0
timing__setup__wns__corner:min_tt_025C_1v80,0
timing__hold_vio__count__corner:min_tt_025C_1v80,0
timing__hold_r2r__ws__corner:min_tt_025C_1v80,inf
timing__hold_r2r_vio__count__corner:min_tt_025C_1v80,0
timing__setup_vio__count__corner:min_tt_025C_1v80,0
timing__setup_r2r__ws__corner:min_tt_025C_1v80,inf
timing__setup_r2r_vio__count__corner:min_tt_025C_1v80,0
timing__unannotated_net__count__corner:min_tt_025C_1v80,0
timing__unannotated_net_filtered__count__corner:min_tt_025C_1v80,0
design__max_slew_violation__count__corner:min_ss_100C_1v60,0
design__max_fanout_violation__count__corner:min_ss_100C_1v60,0
design__max_cap_violation__count__corner:min_ss_100C_1v60,0
clock__skew__worst_hold__corner:min_ss_100C_1v60,0
clock__skew__worst_setup__corner:min_ss_100C_1v60,0
timing__hold__ws__corner:min_ss_100C_1v60,1.6521189328669212
timing__setup__ws__corner:min_ss_100C_1v60,6.356328532321757
timing__hold__tns__corner:min_ss_100C_1v60,0
timing__setup__tns__corner:min_ss_100C_1v60,0
timing__hold__wns__corner:min_ss_100C_1v60,0
timing__setup__wns__corner:min_ss_100C_1v60,0
timing__hold_vio__count__corner:min_ss_100C_1v60,0
timing__hold_r2r__ws__corner:min_ss_100C_1v60,inf
timing__hold_r2r_vio__count__corner:min_ss_100C_1v60,0
timing__setup_vio__count__corner:min_ss_100C_1v60,0
timing__setup_r2r__ws__corner:min_ss_100C_1v60,inf
timing__setup_r2r_vio__count__corner:min_ss_100C_1v60,0
timing__unannotated_net__count__corner:min_ss_100C_1v60,0
timing__unannotated_net_filtered__count__corner:min_ss_100C_1v60,0
design__max_slew_violation__count__corner:min_ff_n40C_1v95,0
design__max_fanout_violation__count__corner:min_ff_n40C_1v95,0
design__max_cap_violation__count__corner:min_ff_n40C_1v95,0
clock__skew__worst_hold__corner:min_ff_n40C_1v95,0
clock__skew__worst_setup__corner:min_ff_n40C_1v95,0
timing__hold__ws__corner:min_ff_n40C_1v95,1.691220100721656
timing__setup__ws__corner:min_ff_n40C_1v95,7.259566930851644
timing__hold__tns__corner:min_ff_n40C_1v95,0
timing__setup__tns__corner:min_ff_n40C_1v95,0
timing__hold__wns__corner:min_ff_n40C_1v95,0
timing__setup__wns__corner:min_ff_n40C_1v95,0
timing__hold_vio__count__corner:min_ff_n40C_1v95,0
timing__hold_r2r__ws__corner:min_ff_n40C_1v95,inf
timing__hold_r2r_vio__count__corner:min_ff_n40C_1v95,0
timing__setup_vio__count__corner:min_ff_n40C_1v95,0
timing__setup_r2r__ws__corner:min_ff_n40C_1v95,inf
timing__setup_r2r_vio__count__corner:min_ff_n40C_1v95,0
timing__unannotated_net__count__corner:min_ff_n40C_1v95,0
timing__unannotated_net_filtered__count__corner:min_ff_n40C_1v95,0
design__max_slew_violation__count__corner:max_tt_025C_1v80,0
design__max_fanout_violation__count__corner:max_tt_025C_1v80,0
design__max_cap_violation__count__corner:max_tt_025C_1v80,0
clock__skew__worst_hold__corner:max_tt_025C_1v80,0
clock__skew__worst_setup__corner:max_tt_025C_1v80,0
timing__hold__ws__corner:max_tt_025C_1v80,1.6768674701202892
timing__setup__ws__corner:max_tt_025C_1v80,7.005368483587406
timing__hold__tns__corner:max_tt_025C_1v80,0
timing__setup__tns__corner:max_tt_025C_1v80,0
timing__hold__wns__corner:max_tt_025C_1v80,0
timing__setup__wns__corner:max_tt_025C_1v80,0
timing__hold_vio__count__corner:max_tt_025C_1v80,0
timing__hold_r2r__ws__corner:max_tt_025C_1v80,inf
timing__hold_r2r_vio__count__corner:max_tt_025C_1v80,0
timing__setup_vio__count__corner:max_tt_025C_1v80,0
timing__setup_r2r__ws__corner:max_tt_025C_1v80,inf
timing__setup_r2r_vio__count__corner:max_tt_025C_1v80,0
timing__unannotated_net__count__corner:max_tt_025C_1v80,0
timing__unannotated_net_filtered__count__corner:max_tt_025C_1v80,0
design__max_slew_violation__count__corner:max_ss_100C_1v60,0
design__max_fanout_violation__count__corner:max_ss_100C_1v60,0
design__max_cap_violation__count__corner:max_ss_100C_1v60,0
clock__skew__worst_hold__corner:max_ss_100C_1v60,0
clock__skew__worst_setup__corner:max_ss_100C_1v60,0
timing__hold__ws__corner:max_ss_100C_1v60,1.6529957870365692
timing__setup__ws__corner:max_ss_100C_1v60,6.349424277180953
timing__hold__tns__corner:max_ss_100C_1v60,0
timing__setup__tns__corner:max_ss_100C_1v60,0
timing__hold__wns__corner:max_ss_100C_1v60,0
timing__setup__wns__corner:max_ss_100C_1v60,0
timing__hold_vio__count__corner:max_ss_100C_1v60,0
timing__hold_r2r__ws__corner:max_ss_100C_1v60,inf
timing__hold_r2r_vio__count__corner:max_ss_100C_1v60,0
timing__setup_vio__count__corner:max_ss_100C_1v60,0
timing__setup_r2r__ws__corner:max_ss_100C_1v60,inf
timing__setup_r2r_vio__count__corner:max_ss_100C_1v60,0
timing__unannotated_net__count__corner:max_ss_100C_1v60,0
timing__unannotated_net_filtered__count__corner:max_ss_100C_1v60,0
design__max_slew_violation__count__corner:max_ff_n40C_1v95,0
design__max_fanout_violation__count__corner:max_ff_n40C_1v95,0
design__max_cap_violation__count__corner:max_ff_n40C_1v95,0
clock__skew__worst_hold__corner:max_ff_n40C_1v95,0
clock__skew__worst_setup__corner:max_ff_n40C_1v95,0
timing__hold__ws__corner:max_ff_n40C_1v95,1.690538756832174
timing__setup__ws__corner:max_ff_n40C_1v95,7.255551476102616
timing__hold__tns__corner:max_ff_n40C_1v95,0
timing__setup__tns__corner:max_ff_n40C_1v95,0
timing__hold__wns__corner:max_ff_n40C_1v95,0
timing__setup__wns__corner:max_ff_n40C_1v95,0
timing__hold_vio__count__corner:max_ff_n40C_1v95,0
timing__hold_r2r__ws__corner:max_ff_n40C_1v95,inf
timing__hold_r2r_vio__count__corner:max_ff_n40C_1v95,0
timing__setup_vio__count__corner:max_ff_n40C_1v95,0
timing__setup_r2r__ws__corner:max_ff_n40C_1v95,inf
timing__setup_r2r_vio__count__corner:max_ff_n40C_1v95,0
timing__unannotated_net__count__corner:max_ff_n40C_1v95,0
timing__unannotated_net_filtered__count__corner:max_ff_n40C_1v95,0
timing__unannotated_net__count,0
timing__unannotated_net_filtered__count,0
design_powergrid__voltage__worst__net:vdd__corner:nom_tt_025C_1v80,1.7999
design_powergrid__drop__average__net:vdd__corner:nom_tt_025C_1v80,1.79997
design_powergrid__drop__worst__net:vdd__corner:nom_tt_025C_1v80,0.000102369
design_powergrid__voltage__worst__net:vss__corner:nom_tt_025C_1v80,0.0000807586
design_powergrid__drop__average__net:vss__corner:nom_tt_025C_1v80,0.0000219222
design_powergrid__drop__worst__net:vss__corner:nom_tt_025C_1v80,0.0000807586
design_powergrid__voltage__worst,0.0000807586
design_powergrid__voltage__worst__net:vdd,1.7999
design_powergrid__drop__worst,0.000102369
design_powergrid__drop__worst__net:vdd,0.000102369
design_powergrid__voltage__worst__net:vss,0.0000807586
design_powergrid__drop__worst__net:vss,0.0000807586
ir__voltage__worst,1.8
ir__drop__avg,0.0000296
ir__drop__worst,0.000102
design__xor_difference__count,0
magic__drc_error__count,0
klayout__drc_error__count,0
magic__illegal_overlap__count,0
design__lvs_device_difference__count,0
design__lvs_net_difference__count,0
design__lvs_property_fail__count,0
design__lvs_error__count,0
design__lvs_unmatched_device__count,0
design__lvs_unmatched_net__count,0
design__lvs_unmatched_pin__count,0
